True Values,Predictions
429,272.93110056044515
498,390.3165443086568
83,129.46233987599794
499,386.2947837667274
80,89.00004785762123
