True Values,Predictions
520,425.9201745514469
429,407.46568761590885
79,86.7575249917213
418,441.17061394510984
