True Values,Predictions
399,523.0807644745155
141,119.44377843506929
520,393.42513223371617
79,131.86662615436197
