True Values,Predictions
418,448.9118214411411
520,389.7185904882334
141,110.62208545442267
134,114.6032293661966
80,102.00889879411108
