True Values,Predictions
520,518.7366099496537
432,409.6867493869872
499,407.80258736093356
141,112.53360341963081
134,104.5696313440146
